{"cameraMode":{"drawMode":0,"name":"Shaded","section":"Shading Mode"},"sceneLighting":true,"audioPlay":false,"sceneViewState":{"m_AlwaysRefresh":false,"showFog":true,"showSkybox":true,"showFlares":true,"showImageEffects":true,"showParticleSystems":true,"showVisualEffectGraphs":true,"m_FxEnabled":true},"in2DMode":false,"pivot":{"x":0.42695072293281557,"y":2.838557720184326,"z":-0.32463744282722475},"rotation":{"x":0.23797312378883363,"y":0.0846739336848259,"z":-0.02083340473473072,"w":0.9673726558685303},"size":1.3329464197158814,"orthographic":true}